date,product_name,review
2024-12-21,Boat Rockerz 450,"Great sound quality, but battery life could improve."
2024-12-07,JBL Tune 500BT,Absolutely amazing! Noise cancellation is top-notch.
2024-12-17,Sony WH-1000XM4,Good value for money. Decent bass and clear vocals.
2025-01-02,Samsung Galaxy Buds 2,Sleek design and reliable performance.
2024-12-14,Sennheiser Momentum 3,Affordable and works well for daily use.
2024-12-25,Jabra Elite 75t,"Build quality is subpar, but sound is decent."
2024-12-18,Skullcandy Indy Evo,"Great for calls, but gaming latency could improve."
2024-12-11,Anker Soundcore Liberty Air 2,Lightweight and excellent sound. Highly recommended!
2024-12-24,Bose QuietComfort 35 II,Value for money. Solid battery life!
2024-12-13,Sony WF-1000XM3,"Stylish and comfortable. A bit overpriced, though."
2024-12-11,Beats Solo3 Wireless,"Clear sound and deep bass, perfect for music lovers!"
2024-12-23,Soundcore Life P2,"Battery life lasts long, solid everyday headphones."
2024-12-11,Marshall Major III,Comfortable fit with great sound clarity.
2024-12-24,Philips SHB3075,Excellent for travel and noise isolation.
2025-01-04,Acer Predator Galea 500,"Very immersive experience, highly recommend for gamers."
2024-12-22,Razer Kraken BT,Bass is booming but mid-range lacks clarity.
2024-12-22,Xiaomi Mi True Wireless Earphones 2,Affordable yet decent sound quality.
2024-12-12,Realme Buds Air 2,Good budget option with decent battery life.
2024-12-25,Oppo Enco W51,Mic quality for calls could be better.
2024-12-08,OnePlus Buds Z,Great design and sturdy build.
2024-12-09,Tronsmart Apollo Bold,"Great for exercise, fits snugly."
2024-12-16,Redmi Earbuds S,Affordable and does the job well.
2024-12-11,Boat Airdopes 441,Canâ€™t beat the quality for this price point!
2025-01-05,Infinity (JBL) Glide 120,"Sound is crisp and clear, worth the money."
2024-12-29,Noise Shots X3 Bass,Great noise cancellation for the price.
